{
	"format_version": "1.8.0",
	"animations": {
		"animation.nano_sword.dash": {
			"animation_length": 1,
			"bones": {
				"rightArm": {
					"rotation": {
						"0.0": [0, 0, 0],
						"0.3333": [-71.36742, -31.86676, 67.41339],
						"0.375": [42.5, 0, 57.5],
						"0.875": [67.5, 0, 57.5],
						"1.0": [0, 0, 0]
					}
				}
			}
		}
	}
}